Subject,Topic,Subtopic,Question,Explanation,Option A,Option B,Option C,Option D,Correct Option
Abdomen,General,Abdomen,At which vertebral level is the abdominal plane marked as 2?,"The abdominal plane labelled as 2 is the Subcostal plane, located at the upper border of L3, connecting the 10th costal cartilages.",Lower border of L1,Upper border of L1,Upper border of L3,Lower border of L4,C
Abdomen,General,Abdomen,Identify Pulmonary trunk,(Explanation not provided in the input),A,B,C,D,B
Abdomen,General,Abdomen,From which of the following structures does the marked structure originate?,"The azygous vein develops from the supracardinal vein during embryonic development, draining deoxygenated blood from the thorax.",Common cardinal vein,Anterior cardinal vein,Supracardinal vein,Subcardinal vein,C
Cardiology,Cardiovascular System,Cardiovascular System,Identify the true statement regarding the point marked (Red) on the myocardial action potential?,"The point marked on the myocardial action potential curve represents phase 2, the plateau phase.
 • This phase is characterized by the slow but prolonged opening of calcium channels (L-type calcium
 channels) which allows the influx of calcium ions into the cell.
 • An outward potassium current balances this inward current through the slow delayed rectifier
 potassium channels.
 • The net effect is a plateau phase in the action potential, making the cardiac muscle action potential
 unique compared to other types of action potentials.",Opening of Na+ & closure of fast K+ channels,Slow but prolonged opening of Ca2+,Closure of Na+ & opening of slow K+ channels,Na+/K+ ATPase,B
Concept Of Health And Diseases,General,Concept Of Health And Diseases,What does the point labeled C denote?,"The stage between subclinical disease and the stage of disease is characterized by the onset of symptoms. Subclinical disease refers to a stage where an individual is infected with the pathogen but does not exhibit any noticeable symptoms. As the disease progresses, symptoms start to appear, indicating the transition from subclinical to the clinical disease stage. The onset of symptoms is an important milestone in the progression of the disease, as it signifies the manifestation of clinical signs that can be observed or experienced by the individual.",Onset of symptoms,Onset of pathological changes,Usual time of diagnosis,Exposure to etiologic agent,A
Embryology,General,Embryology,Which of the following structures develops from the structure marked?,"The marked structure is the allantois, which develops into the median umbilical ligament. This ligament runs along the midline of the abdominal wall.",Medial umbilical ligament,Median umbilical ligament,Meckel's diverticulum,Ligamentum teres,B
Embryology,General,Embryology,Which cells are derived from the marked cells?,"The marked cells are neural crest cells (NCC), which are multipotent and contribute to various cell types, including odontoblasts and melanocytes.","1,3,5,6","2,3,4,6","1,2,3,6","1,2,3,4",C
Endocrinology,Endocrine Disorders,Endocrine Surgery,A patient with a nodule of the neck presents to the surgery OPD. A Junior resident performs the following method to palpate it. Identify the procedure shown in the video below.,"Correct Option A - Lahey's method: → Lahey's method, also known as the Lahey maneuver, is a technique used to palpate a neck nodule. It involves the examiner placing their thumb and index finger on either side of the neck nodule and gently applying pressure while rolling the nodule between their fingers. This maneuver helps to assess the size, shape, consistency, and mobility of the nodule.",Lahey's method,Crile's method,Kocher's method,Pemberton's method,A
Enzymes,General,Enzymes,The Gibbs free energy curve for a reaction catalyzed by an enzyme is demonstrated by,"• This option is correct. (A) In enzyme-catalyzed reactions, the Gibbs free energy curve typically shows
 a lower activation energy compared to the uncatalyzed reaction (represented by a higher activation
 energy barrier). This is one of the key effects of enzymes, as they lower the activation energy, allowing
 the reaction to proceed more rapidly.",A,B,C,D,
Gastroenterology,Gastrointestinal,Gastro Radio,Please identify the section of the intestine shown in the barium study provided.,"The jejunum is the middle section of the small intestine, located between the duodenum and ileum. It is often recognized in imaging due to its folded appearance, differentiating it from other parts of the GI tract.",Ileum,Transverse colon,Jejunum,Splenic flexure,C
Gastroenterology,Gastrointestinal,Gastrointestinal Surgery,Identify the incision marked as B.,"Correct Option A - Acute Anal fissures: → In Acute Anal fissures the diagnosis and treatment of acute anal fissures typically do not require specific instruments. However, a digital rectal examination (DRE) may be performed using a gloved finger to assess the anal area and confirm the presence of a fissure. This examination helps to identify the location and extent of the fissure. In Acute Anal fissures the diagnosis and treatment of acute anal fissures typically do not require specifi c instruments. However, a digital rectal examination (DRE) may be performed using a gloved finger to assess the anal area and confirm the presence of a fissure. This examination helps to identify the location and extent of the fissure.",Gridiron incision,Lanz incision,Rutherford – Morison incision,Rockey-Davis incison,A
Head And Neck (1),General,Head And Neck,Which dural venous sinus receives the great cerebral vein of Galen as one of its tributaries among the following options?,"The straight sinus receives the great cerebral vein of Galen as its tributary. The great cerebral vein of Galen is formed by the union of the two internal cerebral veins, and it runs along the midline of the brainstem.",A,B,C,D,B
Head And Neck (1),General,Head And Neck,Identify the incorrect statement regarding the marked structure.,"The accessory middle meningeal artery, usually originating from the maxillary or middle meningeal artery, ascends to the foramen ovale or a separate small foramen, making it independent from the pterion, which is an H-shaped formation of sutures that unites the frontal, parietal, temporal, and sphenoid bones.","It is the meeting point of frontal, parietal, temporal and sphenoid bones",Blow to the lateral side of the skull injures this structure,Accessory middle meningeal artery lies under this structure,It corresponds to site of anterolateral fontanelle of the fetal skull,C
Head And Neck (1),General,Head And Neck,Which of the following structures is not included in the laryngeal skeleton?,The hyoid bone is U-shaped in the neck and not part of the laryngeal skeleton.,A,B,C,D,A
Head And Neck (1),General,Head And Neck,Which of the following nerves is not involved in the movement of the eyeball?,The optic nerve transmits visual information and does not control eye movement.,A,B,C,D,A
Histology,General,Histology,Please identify the histology slide provided.,"The pancreas produces digestive enzymes and hormones, with acini appearing as grape-like structures and islets of Langerhans as lightly stained areas. Acini consist of cuboidal cells with eosinophilic cytoplasm due to zymogen granules, while islets are surrounded by capillaries.",Lymph node,Glomerulus,Spleen,Pancreas,D
Infectious Disease,Infections,Infection,Identify the correct ‘organism and drug to which it is intrinsically resistant’ pair.,"Candida Krusei is intrinsically resistant to fluconazole, an antifungal medication, and typically treated with alternatives such as echinocandins or amphotericin B.",Aspergillus niger - Voriconazole,Aspergillus fumigatus - Micafungin,Candida albicans - Amphotericin B,Candida Krusei - Fluconazole,D
Orthopedics,Lower Limb,Lower Limbs,Which of the following marked sites is responsible for the impairment of dorsiflexion due to injury?,"Injury to the common fibular nerve causes failure of dorsiflexion, making the neck of the fibula the correct answer.",A. 3,B. 2,C. 1,D. 4,A
Orthopedics,Lower Limb,Lower Limbs,Identify the marked bony process?,"Radial head: Located at the proximal end of the radius, it articulates with the capitulum of the humerus, allowing rotational movements of the forearm.",A. Capitulum,B. Olecranon,C. Trochlea,D. Radial head,D
Orthopedics,Lower Limb,Lower Limbs,The action of the muscle attached to the marked area?,"Gluteus medius: The muscle attached to the lateral surface of the greater trochanter is the gluteus medius, which is primarily responsible for the abduction of the hip joint, moving the leg away from the body's midline.",A. Flexion,B. Adduction,C. Abduction,D. Extension,C
Pediatrics,Miscellaneous,Mislancious,Identify the instrument given below.,A bone nibbler is used for cutting and shaping bone during orthopedic surgery.,Bone nibbler,Bone curette,Plate holding forceps,Bone holding forceps,A. Bone nibbler
Pediatrics,Musculoskeletal,Musculoskeletal Disorder,Which of the following is accurate regarding the biochemical parameters in vitamin D-dependent rickets? Metabolic bone disease Serum calcium PTH level A Decreased / normal Normal B Decreased / normal Increased C Decreased Increased D Increased Increased Metabolic bone disease Serum calcium PTH level ,Correct choice: B Explanation in vitamin D-dependent rickets (Nutritional) serum Ca is either decreased or normal and P TH level are increased Incorrect choices Other options are incorrect,A,B,C,D,B
Neurology,Neurology,Neuro,Identify the cranial nerve that arises from the marked part.,"The Abducens nerve arises from the pontomedullary junction, innervating the lateral rectus muscle for eye abduction. Damage causes double vision.",Oculomotor nerve,Glossopharyngeal nerve,Abducens nerve,Facial nerve,C
Neurology,Neurology,Neuro,Which structure is likely to be affected in a woman experiencing loss of sensations...,"The thalamus acts as a relay station for sensory information, and symptoms of sensory loss and abnormal processing suggest thalamic involvement.",A,B,C,D,B
Neurology,Neurology,Neuro,Which of the following labeled sites does SARS-COVID 19 utilize to propagate to the brain?,"SARS-CoV-2 primarily affects the respiratory system but can spread to the brain through the cribriform plate, a part of the ethmoid bone. The olfactory nerves pass through the cribriform plate, allowing the virus to reach the brain.",D,C,B,A,D
ENT,Nose & Sinuses,Nose And Paranasal Sinuses,Which of the following marked structures is a branch of the internal carotid artery?," • The structure marked as 1 represents the anterior ethmoidal artery, which is a branch of the
 ophthalmic artery. The ophthalmic artery is a branch of the internal carotid artery.",1,2,3,4,
Ophthalmology,Ocular Disorders,Ocular Adenexia,Identify the instrument.,The chalazion clamp is used for the surgical treatment of chalazia by holding the eyelid and providing pressure.,Evisceration spatula,Chalazion clamp,Enucleation spoon,Bone punch,B
Microbiology,Parasitology,Paracitology,"When collecting a stool sample, it is processed and labeled at various levels such as A, B, C, and D. In regards to examining the specimen under a microscope, please identify the specific level where parasitic ova can be observed."," The above process is the modified formalin ether sedimentation technique used to increase the concen
 tration of eggs of parasites from the samples.
As the egg's density is more than formalin and ether, it gets settled in the bottom of the tube due to gra
 vity. Therefore, level D is characterized by the presence of parasitic ova",A,B,C,D,D
Microbiology,Parasitology,Paracitology,Identify the organism?,"• The given organism is Ancylostoma braziliense
 • Cutaneous larva migrans, is caused by the larvae of Ancylostoma braziliense.
 • Ancylostoma braziliense is a hookworm that primarily infects dogs and cats.
 • The larvae of this parasite can penetrate the human skin, usually through direct contact with
 contaminated soil or sand.
 • Once in the skin, the larvae migrate and cause an inflammatory reaction, resulting in the characteristic
 serpiginous tracks seen in cutaneous larva migrans",Strongyloides stercolaris,Toxocara canis,Ancylostoma braziliense,Necator americanus,C
Orthopedics,Pelvis,Pelvis,Which of the following structures is not a component of the marked structure?,The 2nd palmar interossei muscle does not contribute to the dorsal digital expansion.,2nd dorsal interossei,Lumbricals extensor digitorum,Extensor digitorum,2nd palmar interossei,D
Orthopedics,Pelvis,Pelvis,"In the labeled structure, what is the classification of the joint observed?","The pubic symphysis is a secondary cartilaginous joint, slightly movable due to fibrocartilage.",Syndesmosis,Primary cartilaginous joints,Fibrous joint,Secondary cartilaginous joint,D
Rbc,General,Rbc,Identify the instrument:,A Klima needle is used for bone marrow aspiration.,A. Klima needle,B. Salah needle,C. Jamshidi needle,D. Islam needle,
Pediatrics,Respiratory,Respiratory System,Which structure in the pancreas is impacted in individuals with cystic fibrosis?," • B is acini. The acini are the functional units of the exocrine pancreas responsible for producing and
 secreting digestive enzymes into the pancreatic ducts. In cystic fibrosis, a genetic disorder caused by
 mutations in the cystic fibrosis transmembrane conductance regulator (CFTR) gene, there is a defect in
 the production or function of the CFTR protein. This leads to thick, sticky mucus forming in various
 organs, including the pancreas.
 • In the pancreas, the defective CFTR protein affects the secretion of chloride ions and water,
 dehydrating pancreatic secretions. This thickened mucus obstructs the pancreatic ducts, preventing the
 proper flow of digestive enzymes from the acini into the duodenum. Consequently, there is a reduction
 in the production and release of pancreatic enzymes, leading to impaired digestion and malabsorption
 of nutrients.",A,B,C,D,B
Thorax (1),General,Thorax,Which structure passes through the foramen marked by the arrow?,"The foramen marked by the arrow is the aortic hiatus, from which the thoracic duct passes. The thoracic duct drains lymphatic fluid from the lower body and left upper body.",A. Oesophagus,B. Inferior vena cava,C. Thoracic duct,D. Sympathetic trunk,C
Thorax (1),General,Thorax,Identify the arrow marked chamber.,The left atrium receives oxygenated blood from the lungs via the pulmonary veins and pushes it into the left ventricle for circulation.,A. Right atrium,B. Left atrium,C. Right ventricle,D. Left ventricle,B
Thorax (1),General,Thorax,"What structure develops from the region labeled as ""A"" in the model of embryological heart development?","The internal carotid artery primarily supplies the brain but does not supply the dura mater in the posterior cranial fossa, which is mainly supplied by branches of the vertebral arteries.",A. Atria,B. Left ventricle,C. Infundibulum,D. Interventricular septum,C
Thorax (1),General,Thorax,The region marked corresponds to the surface marking for which of the following structures:-,"The clavicle connects the sternum to the scapula and forms the acromioclavicular joint, making it the correct choice.",A. Thoracic duct,B. Right atrium,C. Inferomedial bronchopulmonary segments,D. Hilum,B
Thorax (1),General,Thorax,Marked structure is derived from the ?,The region marked corresponds to the surface marking for the right atrium.,A. Endocardial cushions,B. Septum primum,C. Left venous valve,D. Bulbous venosus,B
Thorax (1),General,Thorax,Which of the following does not supply the marked structure?,"The endocardial cushions are crucial in developing the heart's septa and valves, including the atrial septum and AV valves.",A. Right coronary artery,B. Anterior interventricular artery,C. Marginal artery,D. Diagonal artery,A
Thorax (1),General,Thorax,"In the given section of the heart, match the marked (A,B,C&D;) structures. Musculi pectinate Anterior papillary muscle of left ventricle Anterior papillary muscle of right ventricle Anterior leaflet of mitral valve membranous part of ventricular septum",The diagonal artery does not supply the right ventricle; it primarily supplies the left ventricle and the anterior walls of the heart.,"A. A-5, B-2, C-1, D-4","B. A-1, B-2, C-5, D-3","C. A-5, B-3, C-2, D-1","D. A-1, B-2, C-4, D-5",D
Toxicology,Toxicology,Toxicology,Identify the given plant.," • They're large and showy, with six bright yellow petals arranged around a central capsule. Keep in
 mind though, the petals sometimes have a slightly crumpled look, which gives the flowers a bit of an
 interesting flair.Then there's the seed pod, which is another key identifier. Once the flowers have
 bloomed and fallen off, you'll find seed capsules, which are prickly, oblong, and start off green but turn
 a dark brown or black as they mature.The foliage of the Argemone mexicana is blue-green in color,
 lobed, spiky, and has a somewhat thistle-like appearance. It has a prickly feel because of the presence
 of spines or bristles, which is a distinct characteristic of the plant. The plant as a whole has a very
upright growth habit.",Datura alba,Argemone mexicana,Nerium odorum,Papaver somniferum,B
Toxicology,Toxicology,Toxicology,Identify the plant which produces a deliriant toxin.,"Erythroxylum coca, commonly known as the coca plant, contains the alkaloid cocaine. While cocaine
 is primarily known as a powerful stimulant, it can induce delirium and hallucinations at high doses or in
 certain circumstances. Thus, Erythroxylum coca can produce a deliriant effect when consumed in large
 quantities.",A. Erythroxylum coca,B. Datura,C. Hyoscine,D. Digitalis purpura,A
Orthopedics,Upper Limb,Upper Limb,"Where is the probable location of injury in a 25-year-old male who is experiencing difficulty flexing the distal interphalangeal joint of the 4th and 5th fingers, as well as an inability to grip a piece of paper between his fingers?","The ulnar nerve runs near the medial epicondyle, which explains the loss of grip strength and inability to flex the distal interphalangeal joints of the 4th and 5th digits.",A,B,C,D,C
Orthopedics,Upper Limb,Upper Limb,Which of the following statements is true about the lesion of the structure indicated by the arrow?,"The lesion leads to wrist drop due to weakness or paralysis of the extensor muscles, commonly caused by radial nerve damage.",Ape thumb deformity,Claw hand,Claudication,Wrist drop,D
Orthopedics,Upper Limb,Upper Limb,"Which structure is most likely to be impacted in a man who previously relied on crutches and now displays tingling and paraesthesia on the inner side of the arm, forearm, and hand?","The structure A is the brachial plexus, a network of nerves providing motor and sensory innervation to the upper extremities.",A,B,C,D,A
Orthopedics,Upper Limb,"Upper Limbs , General",Identify the given fracture?,A Colles fracture is a distal radius fracture that occurs when a person falls on an outstretched hand.,Colles Fracture,Monteggia Fracture,Galeazzi Fracture,None of the above,A
Orthopedics,Upper Limb,"Upper Limbs , General",Identify the carpal bone that is most commonly fractured after a fall on an outstretched hand.,The scaphoid bone is the most commonly fractured carpal bone following a fall on an outstretched hand due to its position and load-bearing function.,A (Scaphoid),B (Lunate),C (Triquetrum),D (Capitate),A
Orthopedics,Upper Limb,"Upper Limbs , General",Identify the following fracture?,"Barton's fracture involves a fracture of the distal radius with dislocation of the wrist joint, typically seen in falls on an outstretched hand.",Colles Fracture,Monteggia Fracture,Barton's Fracture,None of the above,B
Urology,Urology,Urology,What does the number(14Fr) marked on the Foley catheter correspond to?,"Correct Option C - Outer tube diameter: → The number marked on the Foley catheter corresponds to the outer tube diameter. It indicates the size or diameter of the catheter, typically measured in French (Fr) units. The French scale is a unit of measurement commonly used for catheters, where 1 French (Fr) is equal to 0.33 mm in diameter.",Inner lumen diameter,Length of the tube,Outer tube diameter,Bulb size,C
Microbiology,Virology,Virology,Identify the organism?," Hantavirus is a single-stranded RNA virus responsible for causing Hantavirus pulmonary syndrome. Th
 e main target site for Hantavirus is the lungs.",A. Influenza virus,B. Hantavirus,C. Adenovirus,D. None of above,B
Voilent Asphyxia,General,Voilent Asphyxia,Identify the type of homicide,"• Burking is a type of homicide caused by smothering and traumatic asphyxia. In this method, the attacker kneels or sits on the chest of the victim and closes the victim’s mouth and nose with his or her hands.",Mugging,Garrotting,Burking,Bansdola,C
Microbiology,Bacteriology,Bacteriology,What does Burkholderia cepacia exhibit resistance to among the options provided?,"Cefotetan: Burkholderia cepacia exhibits intrinsic resistance to cefotetan due to mechanisms like efflux pumps and target site alterations. It is resistant to several antibiotics, making treatment challenging.",Ceftazidime,Trimethoprim – sulfamethoxazole,Temocillin,Cefotetan,D
Microbiology,Bacteriology,Bacteriology,Which bacterium exhibits the Quellung reaction?,"Treponema pertenue is the bacterium that causes yaws, a tropical disease affecting the skin, bones, and joints. It is a subspecies of Treponema pallidum, which is known for causing syphilis.",Streptococcus pneumoniae,Clostridium tetani,Vibrio cholerae,Staphylococcus,A
Biostatics,General,Biostatics,Identify the formula given below:,"Standard deviation is a measure of the variation or spread within a data set. It quantifies how much individual data points differ from the mean. In a normal distribution, it provides insights into the percentage of data points that fall within one, two, or three standard deviations from the mean (68%, 95%, and 99.7%, respectively).",Standard deviation,Standard error,Median,Variance,A
Carbohydrate Chemistry,General,Carbohydrate Chemistry,The meal that exhibits the highest thermic effect is characterized by,"Protein has the highest thermic effect among macronutrients, using about 20-30% of its energy during digestion and metabolism, significantly increasing energy expenditure compared to fat and carbohydrates.",Protein,Fat,Carbohydrates,Mixed meal having all 3 in equal amount,A
Cardiology,General Cardiology,Cardiology Surgery,"What is the most appropriate next course of action in managing a patient who has arrived with multiple stab wounds to the chest, exhibiting reduced chest movement on the right side, tracheal deviation to the left side, and distended neck veins?","Correct Option C - Needle thoracocentesis: → Needle thoracocentesis involves inserting a large-bore needle into the pleural space to release trapped air or fluid. In the case of a tension pneumothorax, this procedure can quickly decompress the affected side of the chest, relieving the pressure and improving the patient's condition.",Resuscitative thoracotomy,ICD placement,Needle thoracocentesis,Finger thoracotomy,C
Cardiology,General Cardiology,Cardiology,"What is the diagnosis of a patient who exhibits dyspnea and increased distension of neck veins upon inspiration, with no murmur detected?","Constrictive pericarditis is characterized by inflammation and fibrosis of the pericardium, leading to impaired heart filling during diastole, causing dyspnea and distended neck veins (Kussmaul's sign).",Constrictive pericarditis,Aortic regurgitation,Tricuspid stenosis,Pulmonary arterial hypertension,A
Psychiatry,Child Psychiatry,Child Psychiatry,"What could be the diagnosis for a child who exhibits below-average mathematical skills despite having normal IQ and age-appropriate learning abilities, and remains unaffected by a year-long private mathematics tutoring?","• The information suggests that the child most likely has a mathematically impaired specific learning
 disorder (SLD). A neurodevelopmental disorder known as SLD impairs a person's capacity for
 learning in one or more particular subject areas, such as reading, writing, or mathematics.
 Individuals with SLD might have ordinary knowledge, yet they are portrayed by a determined
 debilitation in something like one of three significant regions: perusing, composed articulation, as
 well as math. They may likewise experience issues with additional mind-boggling abilities, like
 understanding cognizance or tackling numerical questions.",ADHD,Mathematics learning disorder,Asperger syndrome,Specific learning disorder,D
Pharmacology,Pharmacology,Cns.pharma,"A 29-year-old woman presented to the psychiatry outpatient department (OPD) exhibiting symptoms of hypomania. She has a previous history of a manic episode. Currently, she is considering pregnancy. Which medication should be avoided due to its high teratogenic potential for the developing fetus?"," • Valproate is a medication that is commonly used to treat bipolar disorder and seizures. However, it is
 known to be highly teratogenic,
 • The risk of birth defects is highest when valproate is taken during the first trimester of pregnancy.",Valproate,Lithium,Oxcarbazepine,Olanzapine,
Pharmacology,Pharmacology,Cns.pharma,"What medication would be appropriate for the long-term treatment of a young male who exhibits symptoms of decreased sleep, increased activity levels, and heightened mood, and also has a family history of manic episodes?","• Lithium carbonate is the drug of choice for long-term treatment of bipolar disorder, particularly for
 managing episodes of mania.
 • It helps stabilize mood, reduce the frequency and intensity of manic episodes, and prevent relapses.
 • It is considered the gold standard in the treatment of bipolar disorder, especially in patients with a
 family history of mania. Therefore, this is the correct answer",Sodium valproate,Lithium carbonate,Carbamazepine,Barbiturates,
Ophthalmology,Cornea,Cornea,Which of the subsequent options does not exhibit a characteristic of keratoconus?,"Haab’s striae: Keratoconus is a non-inflammatory eye condition where the normally round dome-shaped cornea progressively thins and weakens, leading to the development of a cone-like bulge. Haab’s striae, horizontal lines on the Descemet's membrane of the cornea, are not found in keratoconus. Instead, they are typically associated with congenital glaucoma.",Haab’s striae,Munson’s sign,Irregular astigmatism,Scissoring reflex,A
Pharmacology,Pharmacology,Cvs Pharma,"Which anti-hypertensive medication is suitable for administration to a patient suffering from renal insufficiency, exhibiting symptoms of significantly reduced urine output, pedal edema, headache, and a blood pressure reading of 160/90?","In the given scenario, with a patient presenting with renal insufficiency, very low urine output, pedal edema, headache, and high blood pressure (BP 160/90), the most appropriate anti-hypertensive option would be amlodipine. Amlodipine is a calcium channel blocker that is commonly used to treat hypertension. It works by relaxing and dilating the blood vessels, which leads to a reduction in blood pressure. Amlodipine is often well-tolerated and can be used in patients with renal insufficiency.",Aliskiren,Chlorthalidone,Amlodipine,Prazosin,C
Psychiatry,Eating Disorders,Eating Disorder,The likely diagnosis for a girl who exhibits typical language milestones but primarily focuses on observing her own hands and lacks interaction with others is:," • Asperger's Syndrome: Asperger's Syndrome is an older term that was once used to describe a
 subtype of autism characterized by higher cognitive abilities and less severe language
 impairments. However, in current diagnostic criteria, Asperger's Syndrome is no longer recognized
 as a separate diagnosis. The symptoms associated with Asperger's Syndrome overlap with those
 of autism, including social interaction difficulties and repetitive behaviors",ADHD,Autism,Asperger's syndrome,Rett's syndrome,C
Emergency Medicine,Emergency,Emergency Medicine,"Please match the following medical conditions with their corresponding descriptions: A) Caplan syndrome- 1) Initially observed in coal workers B) Asbestosis- 2) Presents with a characteristic ""crazy pavement"" appearance C) Mesothelioma- 3) Affects the lower lobe of the lungs D) Sarcoidosis- 4) Exhibits the presence of pleural effusion","A) Caplan syndrome - Found first in coal workers; characterized by lung nodules and rheumatoid arthritis.
B) Asbestosis - Pleural effusion is seen; lung disease from asbestos.
C) Mesothelioma - Involves lower lobe; a cancer affecting the pleura.
D) Sarcoidosis - Crazy pavement; a systemic disease affecting the lungs.","A. A-1, B-4, C-3, D-2","B. A-4, B-2, C-3, D-1","C. A-3, B-4, C-2, D-1","D. A-2, B-4, C-3, D-1","A-1, B-4, C-3, D-2"
Endocrinology,Endocrine Disorders,Endocrine,"Which of the microorganisms listed below will exhibit intrinsic resistance to meropenem and aminoglycosides, but have sensitivity to cotrimoxazole?","The correct microorganism that is resistant to meropenem and aminoglycosides but sensitive to cotrimoxazole is Stenotrophomonas. This Gram-negative bacterium is known for its intrinsic resistance to many antibiotics, including meropenem and aminoglycosides, making them ineffective for treatment. However, cotrimoxazole is effective against Stenotrophomonas infections.",Burkholderia cepacia,Acinetobacter,Pseudomonas,Stenotrophomonas,D
Endocrinology,Endocrine Disorders,Endocrine Pharma,"What is the medication administered to a female patient with diabetes that resulted in a decrease in her HbA1c levels from 7.6 to 6.7? The patient exhibited elevated GIP and GLP1 levels, along with decreased glucagon levels.","• Sitagliptin is an oral medication classified as a dipeptidyl peptidase-4 (DPP-4) inhibitor. It works by
 inhibiting the enzyme DPP-4, which breaks down incretin hormones such as GLP-1 and GIP. By
 inhibiting DPP-4, sitagliptin increases the levels of GLP-1 and GIP, which stimulate insulin secretion
 and reduce glucagon secretion. This helps lower blood sugar levels. Sitagliptin is known to reduce
 HbA1c levels in patients with diabetes, making it a suitable option based on the provided information of
 high GIP and GLP1 levels along with low glucagon levels.
 Therefore, in this scenario, the most appropriate drug given to the patient would be Sitagliptin.",Liraglutide,Pramlintide,Voglibose,Sitagliptin,D
Endocrinology,Endocrine Disorders,Endocrine,Which condition exhibits the highest levels of ACTH and cortisol?,Cushing’s disease results in elevated ACTH and cortisol due to pituitary tumor activity.,Early morning,Normal individuals with dexamethasone administration,Addison’s disease,Cushing’s disease,D
Enzymes,General,Enzymes,"Out of the enzymes listed below, which one exhibits the greatest catalytic efficiency?"," Catalytic efficiency, also known as specificity constant, is a measure of how effectively an enzyme con
 verts substrate to product. It is calculated as the ratio of the catalytic rate constant (Kcat) to the Michael
 is constant (Km).
 Correct Option C:
 Km of an enzyme = 2 micromole and Kcat = 200 per sec: Catalytic efficiency = Kcat / Km = 200 / 2 =
 100 per micromole per sec",Km of an enzyme = 10 micromole and Kcat = 20 per sec,Km of an enzyme = 2000 nanomole and Kcat = 50 per sec,Km of an enzyme = 2 micromole and Kcat = 200 per sec,Km of an enzyme = 4 micromole and Kcat = 200 per sec,
Excretory System,General,Excretory System,"Among the given options, which organ exhibits the smallest disparity in oxygen levels between the arteries and veins?",The kidneys have the least arteriovenous oxygen difference due to lower metabolic demand.,Brain,Kidney,Skin,Liver,B
Pediatrics,Fluid & Electrolyte,Fluid And Electrolyte,"What is the probable reason for the ineffectiveness of the treatment in a 10-month-old child with diarrhea and low potassium levels, who also exhibits muscular weakness during examination?","Correct Option A: → Diarrheal stools contain large amounts of potassium. Therefore, the serum level of potassium invariably falls, if diarrhea persists for more than a few days. → Hypokalemia can be caused either by decreased intake of potassium or by excessive losses of potassium in the urine or through the GI tract. The latter is more common. → In this case Gastrointestinal losses of potassium is occuring due to prolonged diarrhea is the cause. or vomiting, chronic laxative abuse, intestinal obstruction or infections. Hypomagnesemia is very important. → More than 50% of clinically significant hypokalemia has concomitant magnesium deficiency and is clinically most frequently observed in individuals receiving loop or thiazide diuretic therapy. → Concomitant magnesium deficiency has long been appreciated to aggravate hypokalemia. Hypokalemia associated with magnesium deficiency is often refractory to treatment with K+. → Hypomagnesemia develops from decreased intake or more commonly increased losses which could be gastrointestinal (diarrhea, vomiting, nasogastric suction) or renal (chronic use of thiazide diuretics, recovery phase of acute tubular necrosis, Gitelman syndrome, familial hypomagnesemia-hypercalciuria-nephrocalcinosis). → Symptomatic magnesium depletion (occurs at levels below 1.2 mg/dL) is often associated with multiple biochemical abnormalities, including hypokalemia, hypocalcemia and metabolic acidosis.",Hypomagnesemia,Hyponatremia,Hypermagnesemia,Hypernatremia,A
Pediatrics,Fluid & Electrolyte,Fluid And Electrolyte,"What is the most appropriate course of action for the treatment of a 3-year-old child weighing 12 kg, who is experiencing diarrhea, exhibiting signs of thirst, drinking eagerly, lacking tears, and demonstrating slow skin pinch recovery?","The most appropriate course of action for the treatment of a 3-year-old child with signs of dehydration due to diarrhea is 3. 900 ml ORS (Oral Rehydration Solution) over 4 hours. Here's an explanation of the options: 1200 ml RL (Ringer's Lactate) over 12 hours: Intravenous (IV) fluid administration is not the first-line tre atment for mild to moderate dehydration in children with diarrhea. Oral rehydration is preferred whenev er possible. 600 ml RL over 6 hours: Similar to option 1, IV fluid administration is not the first-line approach for mild to moderate dehydration due to diarrhea in children. Oral rehydration is the preferred method. 900 ml ORS over 4 hours: This is the correct answer. Oral rehydration is the cornerstone of treatment f or dehydration due to diarrhea. ORS is a balanced solution that contains electrolytes and glucose to he lp replace lost fluids and electrolytes. In this case, giving 900 ml of ORS over 4 hours is a reasonable approach to rehydrate the child and correct the dehydration. 300 ml ORS per episode of loose stool: This approach may not be sufficient to prevent or correct dehy dration, especially if the child is having frequent episodes of loose stools. A continuous administration of ORS over a set time frame (as in option 3) is more appropriate. oach.",1200 ml RL over 12 hours,600 ml RL over 6 hours,900 ml ORS over 4 hours,300 ml ORS per episode of loose stool,C
Gastroenterology,Gastrointestinal,Gastro Radio,"What is the most probable diagnosis for a 51-year-old man who presents with abdominal pain and blood in his stools, based on the findings from his barium study of the intestines?","Intussusception is often indicated by a ""target"" or ""donut"" sign on imaging studies like barium enema, and is a common cause of abdominal pain and bleeding.",Intussusception,Volvulus,Diverticulitis,Ulcerative colitis,A
Gastroenterology,Gastrointestinal,Gastrointestinal Surgery,A 42-year-old alcoholic and a chronic smoker presented with bouts of vomiting and stabbing pain in the epigastrium. He was binge drinking shortly before the symptoms started. He is febrile and tachycardic. The given findings were seen on bedside radiological imaging. Which among the following is a likely cause of this?,"Correct Option B - Peptic ulcer perforation: → The likely cause of the patient's symptoms and findings on the bedside radiological imaging is Peptic ulcer perforation. → Peptic ulcer disease (PUD) is a condition in which there is erosion or ulceration of the mucosal lining of the stomach or duodenum. A perforated peptic ulcer is a complication of PUD in which the ulcer penetrates through the mucosa and extends into the peritoneal cavity, causing peritonitis. → The patient's history of alcohol abuse and smoking puts him at an increased risk of developing PUD. The sudden onset of vomiting and stabbing pain in the epigastrium suggests a perforated peptic ulcer, which can cause severe abdominal pain and vomiting. → Bedside radiological imaging may show the presence of free air in the peritoneal cavity, a classic finding in patients with a perforated peptic ulcer. The patient's fever and tachycardia may be due to the systemic inflammatory response caused by peritonitis. The likely cause of the patient's symptoms and findings on the bedside radiological imaging is Peptic ul cer perforation. Peptic ulcer disease (PUD) is a condition in which there is erosion or ulceration of the mucosal lining of the stomach or duodenum. A perforated peptic ulcer is a complication of PUD in which the ulcer penetrates through the mucosa and extends into the peritoneal cavity, causing peritonitis. The patient's history of alcohol abuse and smoking puts him at an increased risk of developing PUD. T he sudden onset of vomiting and stabbing pain in the epigastrium suggests a perforated peptic ulcer, which can cause severe abdominal pain and vomiting. Bedside radiological imaging may show the presence of free air in the peritoneal cavity, a classic finding in patients with a perforated peptic ulcer. The patient's fever and tachycardia may be du e to the systemic inflammatory response caused by peritonitis.",Tension pneumothorax,Peptic ulcer perforation,Boerhaave syndrome,Mallory Weiss tear,B
Gastroenterology,Gastrointestinal,Gastrointestinal Surgery,"What is the most appropriate next course of action in managing a male patient, aged 40, who presents with widespread abdominal pain and has a confirmed history of Crohn's disease, as well as rigidity and guarding observed during a physical examination, with ileal perforation being detected on imaging?","Correct Option C - Urgent surgical exploration with ileostomy: → Usually Crohns disease is treated using anti-inflammatory drugs, immune suppressors, antibiotics, and nutrition therapy. Since in this case there is ileal perforation, there is a need for Urgent surgical exploration with ileostomy to contain the bleeding. Usually Crohns disease is treated using anti-inflammatory drugs, immune suppressors, antibiotics, and nutrition therapy. Since in this case there is ileal perforation, there is a need for Urgent surgical exploration with ileostomy to contain the bleeding.",Antibiotics and NPO,Upper GI endoscopy,Urgent surgical exploration with ileostomy,CT abdomen,C
Gastroenterology,Gastrointestinal,Gastrointestinal Surgery,"What is the diagnosis for a patient who exhibits symptoms of dysphagia, experiencing pain behind the breastbone, and regurgitation accompanied by coughing following meals?","Correct Option A - Ulcerative colitis: → The patient's presentation of passage of mucus and blood in the stool, along with inflammation mainly in the rectum and the presence of crypt abscess on biopsy, is consistent with the diagnosis of ulcerative colitis. → Ulcerative colitis is a type of inflammatory bowel disease (IBD) characterized by chronic inflammation of the colon and rectum. It typically presents with symptoms such as bloody diarrhea, mucus in the stool, abdominal pain, and urgency to have bowel movements. Inflammation in ulcerative colitis is continuous and primarily affects the mucosal layer of the colon and rectum. The presence of crypt abscesses, as seen on biopsy, is a characteristic finding in ulcerative colitis. The patient's presentation of passage of mucus and blood in the stool, along with inflammation mainly i n the rectum and the presence of crypt abscess on biopsy, is consistent with the diagnosis of ulcerative colitis. Ulcerative colitis is a type of inflammatory bowel disease (IBD) characterized by chronic inflammation o f the colon and rectum. It typically presents with symptoms such as bloody diarrhea, mucus in the stool , abdominal pain, and urgency to have bowel movements. Inflammation in ulcerative colitis is continuou s and primarily affects the mucosal layer of the colon and rectum. The presence of crypt abscesses, as seen on biopsy, is a characteristic finding in ulcerative colitis.",Brown Patterson Kelly syndrome,Achalasia,Esophageal diverticula,Reflux esophagitis,A
Pediatrics,Genetic Disorders,Genetics Disorders,"What is the diagnosis of a 10-year-old boy who was brought for psychiatric evaluation due to intellectual disability and exhibits an IQ of 45? The boy also presents with physical characteristics such as a long face, large ears, and large testes, along with a cardiac murmur. Additionally, there is a history of poor intellectual function in the paternal family.","Correct Option: C Based on the given information, the most likely diagnosis for the 10-year-old boy with intellectual disabi lity, a long face, large ears, large testes, a cardiac murmur, and a history of poor intellectual function in the paternal family is Fragile X syndrome. Fragile X syndrome is a genetic disorder caused by the expansion of a CGG trinucleotide repeat in the FMR1 gene on the X chromosome. It is the most common inherited ca use of intellectual disability and affects males more severely than females. Here's how the symptoms al ign with Fragile X syndrome: The other options listed are less likely based on the given information: Option A: Cushing's syndrome: Cushing's syndrome is a condition caused by prolonged exposure to hi gh levels of cortisol. It typically presents with features such as obesity, moon face, hypertension, and m uscle weakness. The symptoms described in the question, including intellectual disability and physical f eatures, are not characteristic of Cushing's syndrome. Option B: Rett syndrome: Rett syndrome is a rare genetic disorder primarily affecting females. It is char acterized by loss of purposeful hand skills, slowed growth, breathing abnormalities, and severe intellect ual disability. The large ears, large testes, and family history mentioned in the question are not consiste nt with Rett syndrome. Option D: Williams syndrome: Williams syndrome is a genetic disorder characterized by distinctive faci al features, cardiovascular abnormalities, developmental delays, and cognitive impairments. While card iovascular abnormalities are present in Williams syndrome, the specific physical features mentioned in the question, such as a long face and large ears, are not typical of this condition.",Cushing’s syndrome,Rett syndrome,Fragile X syndrome,William syndrome,C
Pediatrics,Genetic Disorders,Genetics,Which of the subsequent disorders exhibits an autosomal recessive inheritance pattern?,"Cystic fibrosis follows an autosomal recessive inheritance pattern, meaning two copies of the defective gene (one from each parent) are needed for the disorder to manifest.",Huntington’s disease,Treacher Collins syndrome,Cystic fibrosis,Achondroplasia,C
Pediatrics,Genetic Disorders,Genetics,Identify the chromosome that is visibly altered in the provided karyotype.,"Acrocentric chromosomes have the centromere located near the end of the chromosome, as seen in certain autosomes and the Y chromosome.",Acrocentric,Metacentric,Submetacentric,Telocentric,A
Pediatrics,Genetic Disorders,Genetics,Which disease exhibits autosomal recessive inheritance?,"Albinism is inherited in an autosomal recessive manner, requiring two copies of the defective gene.",Albinism,G6PD deficiency,Marfan’s syndrome,Lesch-Nyhan syndrome,A
Head And Neck (1),General,Head And Neck,"In a patient who has experienced a road traffic accident, they come to the emergency room with symptoms of impaired swallowing and speech difficulties. Further investigations show fractures in the occipitotemporal region. Which specific regions should be examined in order to identify the affected nerve?","The soft palate is controlled by the glossopharyngeal nerve (CN IX) and the vagus nerve (CN X), and its dysfunction leads to dysphagia and slurred speech.",1,2,3,4,B
Histology,General,Histology,Identify the cartilage given below?,"The given cartilage is white fibrocartilage, characterized by collagen fibers arranged in parallel bundles, which provide strength and rigidity. It contains Type 1 collagen and is found in areas needing support, such as intervertebral discs, pubic symphysis, and menisci of the knee.",Non-articular hyaline cartilage,Articular hyaline cartilage,Yellow cartilage,White fibrocartilage,D
Histology,General,Histology,Please identify the merocrine gland structure from the options provided.,"Merocrine glands (eccrine glands) secrete substances directly through the cell membrane via exocytosis, important for thermoregulation by releasing sweat. They are found abundantly on the palms, soles, and forehead.",1,2,3,4,B
Pediatrics,Infectious Diseases,Infectious Diease,"What could be the potential diagnosis for a 6-year-old child who exhibits hepatosplenomegaly, generalized lymphadenopathy, fever, and develops a rash following the administration of ampicillin?","654 Correct option: A (cid:127) The presentation of hepatosplenomegaly, generalized lymphadenopathy, and fever in a child who developed a rash after taking ampicillin is highly suggestive of infectious mononucleosis. Infectious mononucleosis is caused by the Epstein-Barr virus (EBV) and commonly presents with these clinical features. The rash, known as an ampicillin rash, is a characteristic reaction seen in patients with EBV infection who are treated with ampicillin or other penicillin-based antibiotics. Incorrect options: Option B: Scarlet fever: Scarlet fever is a bacterial infection caused by group A Streptococcus. While it can present with fever and a rash, it is not typically associated with hepatosplenomegaly or generalized lymphadenopathy. Option C: Kawasaki disease: Kawasaki disease is a vasculitis that primarily affects young children. It c an present with fever, rash, and lymphadenopathy, but hepatosplenomegaly is not a typical feature. Option D: HIV infection: HIV infection can present with hepatosplenomegaly and lymphadenopathy, but the development of a rash after ampicillin administration is not characteristic of HIV infection.",Infectious mononucleosis,Scarlet fever,Kawasaki disease,HIV infection,A
Orthopedics,Lower Limb,"Lower Limb, Pelvis, Spine","What could be the potential diagnosis for a 22-year-old male patient presenting with a history of accident, exhibiting leg abduction and external rotation?","Anterior dislocation of the hip
 Explanation: Abduction and external rotation of the leg are characteristic features of anterior dislocation
 of the hip joint. ",Anterior dislocation of the hip,Posterior dislocation of the hip,Intertrochanteric fracture,Fracture neck of femur,A
Orthopedics,Metabolic Bone Disorders,Metabolic Disorder,What is the most likely cause of the noted findings in a 39-year-old male who presents to the clinic for a routine checkup and only exhibits mild generalized weakness without any other symptoms?,"The combination of high calcium and phosphate with normal PTH levels suggests vitamin D toxicity, leading to increased calcium absorption. Hyperparathyroidism would elevate PTH; osteoporosis does not cause hypercalcemia; osteomalacia is characterized by low calcium levels.",Vitamin D toxicity,Hyperparathyroidism,Osteoporosis,Osteomalacia,A
Psychiatry,Mood Disorders,Mood Disorders,"The patient expresses to the psychiatrist: ""I feel like my brain is gone. What is the purpose of eating? I am already deceased."" What type of delusion does the patient exhibit?","• This is the correct answer. Nihilistic delusion, also known as Cotard's delusion or the delusion of
 negation, is a psychiatric condition in which an individual holds the belief that they are dead, do not
 exist, or that parts of their body or their entire body are missing or decaying",Delusion of misidentification,Nihilistic delusion,Bizarre Delusion,Hypochondriacal Delusion,B
Microbiology,Mycology,Mycology,"What is the probable diagnosis for a 12-year-old boy who exhibits symptoms of right upper quadrant pain, calf pain, conjunctival suffusion, icterus, and fever, with examination indicating the presence of tender hepatomegaly?","• Leptospirosis is a bacterial infection that can occur in humans and animals. It is caused by the
 spirochete bacterium Leptospira interrogans. 
• The clinical presentation of this patient, including right upper quadrant pain, calf pain, conjunctival
 suffusion, icterus, and fever, is consistent with the diagnosis of leptospirosis. Tender hepatomegaly is
 also a common finding in patients with leptospirosis.",A. Chikungunya,B. Leptospirosis,C. Dengue hemorrhagic fever,D. Encephalopathy caused by hepatitis A,B
Microbiology,Mycology,Mycology,"What is the primary risk factor for the disease in a patient who exhibits symptoms of a black, malodorous nasal discharge, along with the presence of a black, necrotic mass that fills the nasal cavity and causes erosion of the septum and hard palate during examination?"," • The correct answer is diabetes. Hyperglycemia or diabetes mellitus (DM) is a disorder of the
 endocrine system. In this condition, the body is insulin-deficient or resistant to insulin. Due to insulin
 deficiency or resistance, the body is unable to process sugar. Hyperglycemia makes the immune
 system weak, which increases the risk of infection in diabetic patients. Fungal infection is more
 common in diabetes mellitus. Mucormycosis is a rare fungal infection in a healthy individual, but in
 diabetes mellitus, it can cause severe complications and even be fatal if not treated adequately and
 timely. Mucormycosis is also called a black fungus. Cases of mucormycosis are infrequent but can be
 disastrous in patients suffering from immunocompromised conditions such as uncontrolled DM,
 coronavirus disease, and hematological cancers.",A. Hypothyroidism,B. Diabetes,C. Hypertension,D. Foreign body, B
National Health Program,General,National Health Program,"As per IMNCI guidelines, a diagnosis of pneumonia is made in a 6-month-old infant when the child exhibits rapid breathing with a respiratory rate exceeding:"," Option D. 50 breaths per minute: A
 6-month-old child is said to have pneumonia if the child has fast breathing with a
 respiratory rate more than 50 breaths per minute.",40,60,30,50,D
Pediatrics,Neonatology,Neonatology,"What would be the most appropriate next course of action in managing a newborn baby who exhibits irritability and cyanosis that improves when crying, and is unable to pass a nasogastric tube during examination with no mist formation observed on the laryngeal mirror test?","In neonates with cyanosis that improves when crying and failure to pass a nasogastric tube, choanal atresia should be suspected. Oro-pharyngeal airway insertion is the next step.",Endotracheal intubation,Oro pharyngeal airway,Oxygen inhalation,Epinephrine nebulization,B
Pediatrics,Neonatology,Neonatology,"What is the Apgar score for a baby that is evaluated 5 minutes after birth and exhibits a pink body color, blue extremities, irregular breathing, a heart rate of 80 beats per minute, grimacing, and some flexion?","The Apgar score of 5 is assigned based on the described clinical features: irregular breathing, low heart rate, grimacing, and some flexion of limbs.",2,3,4,5,D
Pediatrics,Neonatology,Neonatology,"What is the developmental age of a 6-year-old child who exhibits developmental delay, can ride a tricycle, climb stairs with alternate feet, say their name, know their own sex, but cannot narrate a story?","The developmental age of a 6-year-old child who demonstrates the ability to ride a tricycle, climb stairs with alternate feet, and recognize their own name and sex is about 3 years old.",3 years,4 years,5 years,2 years,A
Nephrology,General Nephrology,Nephrology,"What is the probable diagnosis for a child who exhibits generalized swelling and is diagnosed with high cholesterol levels, as well as protein 3+ and fat bodies observed in urine analysis?","Nephrotic syndrome presents with proteinuria, hypoalbuminemia, edema, and hyperlipidemia. Reference: National Kidney Foundation.",Nephrotic syndrome,Nephritic syndrome,Goodpasture's disease,IgA nephropathy,A
Nephrology,General Nephrology,Nephrology,"What is the probable diagnosis for a child who has been experiencing brown-colored urine andreduced urine output for the past three days? The child also exhibits mild swelling in the face and feet,with a blood pressure reading of 126/90. The child has high levels of protein in the urine (2+), morethan 100 red blood cells per high power field (HPF), and a few granular casts. Additionally, the child's creatinine level is 0.9 and urea level is 56.","PSGN presents with hematuria, proteinuria, and hypertension post-streptococcal infection. Reference: The New England Journal of Medicine.",PSGN,Nephrolithiasis,Posterior Urethral Valve,Minimal change disease,A
Neurology,Nervous System,Nervous System,A patient post-stroke exhibits uncontrollable jerking of limbs on one side. Where is the damage?,"Hemiballismus, characterized by jerking movements, is typically associated with damage to the subthalamic nucleus.",Subthalamic nuclei,Globus pallidus,Putamen,Caudate nucleus,A
Neurology,Nervous System,Nervous System,Patient exhibits inappropriate behaviors like hypersexuality. Which structure is likely affected?,"The amygdala is involved in processing emotions, and damage can lead to hypersexuality and behavioral changes.",Gray matter around aqueduct,Amygdala,Hypothalamus,Cingulate gyrus,B
Ophthalmology,Neuro-ophthalmology,Neuro Optha,"What is the probable diagnosis for a patient who exhibits miosis, anhidrosis, mild ptosis, and a persistent small pupil even in low light conditions?","V • Here, the patient presents with miosis, anhidrosis, and mild drooping of eyelids which are
 characteristic of Horner syndrome. The other features of Horner syndrome include ptosis,
 enophthalmos, and loss of Cilio-spinal Reflex.
 • For Horner’s patients, when they are sitting in the dark, there may be no movement of the pupil for 5-7
 seconds, but then it slowly starts dilating. So the pupil will remain small even in darkness. That's why
 the above likely diagnosis is Horner syndrome.",Adie’s tonic people,Horner syndrome,Blind eye,Argyll Robertson pupil,B
Neurology,General Neurology,Neurology,"What is the diagnosis for a 24-year-old female patient who presents with fever, headache, ataxia, nausea, and vomiting for the past 3 days? The patient exhibits neck rigidity and hip and knee flexion upon passive flexion of the neck. A lumbar puncture was performed, and the CSF findings are provided below. Opening pressure – increased Color – cloudy white WBCs – 7000/µl; neutrophil predominant Sugar – 15 mg/dl CSF/serum glucose ratio – 0.2 Protein – 70 mg/dl Latex agglutination – positive Limulus lysate test – negative","The clinical presentation, including fever, headache, ataxia, and CSF analysis findings like neutrophil-predominant leukocytosis and low CSF/serum glucose ratio, suggest bacterial meningitis, often caused by Neisseria meningitidis.",Bacterial meningitis,Tubercular meningitis,Viral meningitis,Fungal meningitis,A
Neurology,General Neurology,Neurology,"What could be the possible diagnosis for a female patient who has experienced a loss of pain and temperature sensation, but still retains her touch sensation, as indicated by imaging findings that reveal cavitation around the central canal?","Syringomyelia involves a fluid-filled cyst in the spinal cord, leading to loss of pain and temperature sensation with intact touch sensation.",Brown-Sequard syndrome,Tabes dorsalis,Syringobulbia,Syringomyelia,D
Neurology,General Neurology,Neurology,"What is the diagnosis of a 20-year-old male who was brought for psychiatric evaluation due to intellectual disability and has an IQ of 45? He exhibits physical characteristics such as a long face, large ears, and large testis. Additionally, a cardiac murmur is detected during examination, and there is a history of poor intellectual function in the paternal family.","The above case is that of Fragile X syndrome as the patient has a long face, large ears, large testis, cardiac murmur, and a history of poor intellectual function present in the paternal family. It is the second most common cause of mental retardation and is an X-linked dominant disease due to CGG trinucleotide repeat expansion.",Cushing’s syndrome,Rett syndrome,Fragile X syndrome,William syndrome,C
Neurology,General Neurology,Neurology,"What is the Glasgow Coma Scale (GCS) score of a patient suffering from a head injury, who exhibits eye-opening in response to a loud voice, pain localization, and confusion with disorientation?","The Glasgow Coma Scale (GCS) score for the patient is E3M5V4. Eye opening response (E3) to loud voice, verbal response (M5) as confused, and motor response (V4) indicating withdrawal from pain.",E3M5V4,E3M6V5,E4M4V5,E3M5V5,A
Neurology,General Neurology,Neurology,What is the recommended treatment for a patient who has a severe history of a road traffic accident and exhibits signs of elevated intracranial pressure upon examination?,"Mannitol is administered to reduce intracranial pressure by drawing fluid out of the brain tissue into the bloodstream, alleviating cerebral edema.",Administer antibiotics for potential infection.,Initiate anticoagulant therapy to prevent blood clot formation.,Perform immediate surgical intervention.,Administer mannitol,D
Neurology,General Neurology,Neurology,Tigroid white matter on MR imaging is seen in which of the following conditions?,"Pelizaeus-Merzbacher disease is a genetic disorder characterized by abnormal myelination in the central nervous system, with MR imaging showing a classic tigroid white matter appearance due to alternating myelination and demyelination.",Pantothenate kinase deficiency,Pelizaeus-Merzbacher disease,Neuroferritinopathy,Aceruloplasminemia,B
Neurology,General Neurology,Neurology,"What is the probable diagnosis for a patient experiencing repeated inflammation of the optic nerve in both eyes along with widespread inflammation of the spinal cord, and exhibiting visual acuity of 6/60 in the right eye and 6/18 in the left eye, with only a partial response to steroid treatment?",Neuromyelitis optica (NMO) is a rare autoimmune disorder characterized by recurrent episodes of optic neuritis and transverse myelitis. Patients typically experience severe visual impairment and varying degrees of motor and sensory deficits due to inflammation. Steroids may provide partial response.,Neuromyelitis optica,Subacute combined degeneration of spinal cord,Posterior cerebral artery stroke,Neurosyphilis,A
Neurology,General Neurology,Neurology,"What is the correct statement about the condition of a 32-year-old woman who visits the clinic with complaints of frequent falls and walking difficulties? The patient has a history of smoking and type-1 diabetes but no history of hypertension or coronary artery disease. During examination, the patient exhibits weakness in both lower limbs, increased reflexes and muscle tone, as well as an unsteady gait. Furthermore, there is a decrease in proprioception and vibration sense in both lower limbs.",Copper deficiency produces similar symptoms. The,Only the dorsal column is involved.,All patients with a neurological impairment will show macrocytosis,Vitamin B12 supplements do not improve the condition,Copper deficiency produces similar symptoms,D
ENT,Nose & Sinuses,Nose And Paranasal Sinuses,"What is the likely diagnosis for a 70-year-old man who has neck nodes and exhibits a dull tympanic membrane, along with symptoms of deafness and tinnitus in the left ear, and a type B curve on a tympanogram?","• In the above case, a 70-year-old male presents with neck nodes. Examination of the left ear reveals a
 dull tympanic membrane, deafness, and tinnitus. On a tympanogram, a type B curve is obtained. This is
 suggestive of nasopharyngeal carcinoma.",Chronic suppurative otitis media,Glomus tumor,Nasopharyngeal carcinoma,Sensorineural hearing loss,
Microbiology,Parasitology,Paracitology,On Ziehl – Neelsen (ZN) staining oocysts of size 8-10 mm cysts are visible. Identify the organism.,"• This ZN staining reveals the presence of 4 cyclospora oocyst-bearing sporozoites showing variability
 in staining in the field. Cyclosporiasis is a disease caused by Cyclospora cayetanensis, transmitted by
 feces or feces-contaminated food and water",Isospora,Cryptosporidium,Cyclospora,Microsporidia,C
Microbiology,Parasitology,Paracitology,"A 30-year-old female developed pruritic papules with excoriated plaques in the interdigital web spaces. Later, the lesion spread to the groin and under the surface of the breasts. The lady gives a history of intense pruritus which is more severe at night. Given below is the organism responsible for this condition. Identify the wrong statement about the same."," The organism responsible for the described condition is Sarcoptes scabiei, the causative agent of
 scabies. Scabies is a parasitic infestation of the skin caused by the burrowing of female mites into the
 epidermis to create tunnels for laying eggs, while the male mite remains on the skin's surface.",Life history has 4 stages,Larvae have 3 pairs of legs,The entire life cycle takes about 15 days,Male parasite burrows into the epidermis,D
Microbiology,Parasitology,Paracitology,A kinyoun positive oocyst (25 µm) was isolated from an HIV patient with diarrhea. Identify the organism.,". The organism identified in this case is Cystoisospora.
 • Cystoisospora (formerly known as Isospora) is a genus of intracellular parasites that infect the
 gastrointestinal tract, particularly the small intestine, in humans and animals. The oocysts of
 Cystoisospora are typically identified in stool samples during routine microscopic examination. The size
 of the oocyst, as mentioned in the question (25 µm), is consistent with Cystoisospora",Cystoisospora,Cyclospora,Cryptosporidium,Microspora,A
Microbiology,Parasitology,Paracitology,The life cycle of an organism is given below. Identify the vector involved," The life cycle of the organism indicates the involvement of a trombiculid mite.
 Therefore, the vector involved in this life cycle is the trombiculid mite.
 Trombiculid mites are vectors for scrub typhus, which is caused by the bacterium Orientia tsutsugamus
 hi. When infected trombiculid mites bite humans, they transmit the bacteria, leading to the development
 of scrub typhus.
 Scrub typhus is a
 mite-borne infectious disease characterized by fever, headache, muscle aches, and a characteristic ski
 n rash. If left untreated, it can progress to more severe complications affecting multiple organ systems. 
It is prevalent in certain regions of Asia, including rural areas with vegetation where the mites reside.",Hard tick,Soft tick,Trombiculid mite,Louse,C
Microbiology,Parasitology,Paracitology,"What is the underlying cause of the symptoms exhibited by a 55-year-old male, including fever, fatigue, and abnormal vital signs, along with the identification of the causative agent based on the microscopic examination of his peripheral blood smear?"," Plasmodium falciparum is the most severe and life-threatening species among the four options
 mentioned. The clinical presentation of fever, increasing fatigue, hypotension, and tachycardia is
 consistent with severe malaria, which is commonly associated with P. falciparum infection",Plasmodium vivax,Plasmodium falciparum,Plasmodium ovale,Plasmodium malariae,B
Microbiology,Parasitology,Paracitology,"A male patient exhibited symptoms of fever and chills. The rapid test indicated a positive result for a specific antigen, HRP-2. Based on this information, which species of Plasmodium is most likely responsible for causing the infection?"," Plasmodium falciparum is one of the species of malaria causing parasites and is the most common
 and deadly species responsible for malaria infections worldwide, particularly in tropical and subtropical
 regions.
 • The HRP-2 (Histidine-rich protein 2) antigen is specific to Plasmodium falciparum.
 • It is a a naturally occurring histidine- and alanine-rich protein localized in several cell compartments,
 including the cytoplasm of P. falciparum, and can be detected in the blood using rapid diagnostic tests
 (RDTs).",Plasmodium falciparum,Plasmodium malariae,Plasmodium vivax,Plasmodium ovale,A
Cardiology,General Cardiology,Ped. Cardiology,Which of the following congenital heart diseases presents with split-second heart sounds? 1. Atrial Septal Defect (ASD) 2. Ventricular Septal Defect (VSD) 3. Patent Ductus Arteriosus (PDA) 4. Tetralogy of Fallot (TOF) (or) Which of the subsequent congenital heart diseases exhibit split-second heart sounds? 1. Atrial Septal Defect (ASD) 2. Ventricular Septal Defect (VSD) 3. Patent Ductus Arteriosus (PDA) 4. Tetralogy of Fallot (TOF),"Correct Option A: Only 1,2,3 is correct → Congenital heart diseases that can present with split-second heart sounds include: → Atrial Septal Defect (ASD): An ASD is a hole in the wall (septum) that separates the two upper chambers of the heart (atria). It can lead to increased blood flow from the left atrium to the right atrium, resulting in more evident splitting of the second heart sound (S2) during auscultation. → Ventricular Septal Defect (VSD): A VSD is a hole in the septum between the two lower chambers of the heart (ventricles). Like ASD, it can cause increased blood flow from the left ventricle to the right ventricle, leading to accentuated splitting of S2. → Patent Ductus Arteriosus (PDA): PDA is a condition where a blood vessel called the ductus arteriosus, which connects the pulmonary artery to the aorta during fetal development, remains open after birth. This can result in abnormal blood flow and increased flow across the pulmonary valve, leading to a more pronounced splitting of S2. Congenital heart diseases that can present with split-second heart sounds include: Atrial Septal Defect (ASD): An ASD is a hole in the wall (septum) that separates the two upper chambe rs of the heart (atria). It can lead to increased blood flow from the left atrium to the right atrium, resultin g in more evident splitting of the second heart sound (S2) during auscultation. Ventricular Septal Defect (VSD): A VSD is a hole in the septum between the two lower chambers of the heart (ventricles). Like ASD, it can cause increased blood flow from the left ventricle to the right ventric le, leading to accentuated splitting of S2. Patent Ductus Arteriosus (PDA): PDA is a condition where a blood vessel called the ductus arteriosus, which connects the pulmonary artery to the aorta during fetal development, remains open after birth. T his can result in abnormal blood flow and increased flow across the pulmonary valve, leading to a more pronounced splitting of S2. Incorrect options: The congenital heart disease that does not typically present with split-second heart sounds is: Tetralogy of Fallot (TOF) Tetralogy of Fallot is a complex congenital heart defect characterized by four specific abnormalities in t he heart's structure, including: Ventricular Septal Defect (VSD): A hole in the septum between the two lower chambers (ventricles) of the heart. Pulmonary Stenosis: Narrowing of the pulmonary valve or the blood vessel that carries blood from the heart to the lungs. Right Ventricular Hypertrophy: Thickening of the right ventricular wall due to increased workload. Overriding Aorta: The aorta, the main artery that carries oxygen-rich blood from the heart to the body, i s positioned over both ventricles instead of arising only from the left ventricle.","Only 1,2,3 is correct","Only 2,3,4 is correct","Only 1,2,4 is correct",All are correct,A
Neurology,General Neurology,Pedia Neurology,"A 7-year-old child from a socioeconomically disadvantaged background has presented with fever, convulsions, and unusual behavior over the past two months, and has now become unresponsive to their parents for the past two days. On examination, the child exhibits neck stiffness, and their cerebrospinal fluid (CSF) analysis reveals an elevated number of lymphocytes, glucose levels of 30 mg%, and protein levels of 300 mg%. What is the diagnosis?","Correct Option C: Tubercular meningitis (cid:127) Tubercular meningitis is a form of meningitis caused by Mycobacterium tuberculosis, the bacteria that causes tuberculosis. (cid:127) It primarily affects the membranes surrounding the brain and spinal cord. Tubercular meningitis often presents with a subacute or chronic course. (cid:127) The symptoms may include fever, headache, neck stiffness, altered mental status, and neurological abnormalities. (cid:127) The CSF findings typically show increased lymphocytes, low glucose levels, and elevated protein levels.",Viral meningitis,Bacterial meningitis,Tubercular meningitis,Partially treated bacterial meningitis ,C
Orthopedics,Pelvis,Pelvis,The patient exhibited an enlarged lymph node in the inguinal area. The primary cause that is most probable is,"Anal cancer spreads to the inguinal lymph nodes, making it a primary cause of inguinal lymphadenopathy.",Testicular cancer,Anal cancer,Sigmoid colon cancer,Prostate cancer,B
Nephrology,Renal Diseases,Renal,"A pediatric patient arrived at the hospital with cola-coloured urine, high blood pressure, and swelling around the eyes. Laboratory tests were conducted, revealing a creatinine level of 2.5 mg/dL. After commencing the treatment, the patient exhibited no signs of improvement over a period of 3 weeks. Furthermore, their creatinine levels rose to 4.5 mg/dL. Consequently, which of the below electron microscopic observations is expected in this patient?","• The child presented with complaints of cola-coloured urine, puffiness of the eyes, and raised
 creatinine, which is suggestive of post-streptococcal glomerulonephritis.
 • In post-streptococcal glomerulonephritis, on electron microscopy, subepithelial deposits are seen",Subendothelial deposits,Subepithelial deposits,Crescent formation,Mesangial deposits,B
Pediatrics,Respiratory,Respiratory System,A 65-year-old HIV positive man presented with fever and breathlessness for 2 weeks. Imaging shows dense infiltration in the lower lobe and the lung biopsy showed the following finding. What is the diagnosis?,"• CMV (Cytomegalovirus) associated organizing pneumonia is a lung condition caused by infection with
 the CMV virus.
 • It is characterized by organizing pneumonia, which refers to the accumulation of granulation tissue
 within the lung's airspaces.
 • This condition often presents with fever, cough, and breathlessness.
 • To diagnose CMV-associated organizing pneumonia, the presence of CMV infection would need to be
 confirmed through specific testing methods such as viral culture, polymerase chain reaction (PCR), or
 immunohistochemical staining.",Small cell lung cancer,CMV associated organizing pneumonia,Cryptococcal pneumonia,Tuberculosis,B
Psychiatry,Sexual Disorders,Sexual Disorder,"Match the following: Eonism, Exhibitionism, Frotteurism, Necrophilia."," • Eonism is sexual pleasures attained by wearing clothes of the opposite sex.
 • Exhibitionism is the exposure of one’s genitals to a stranger.
 • Frotteurism is sexual gratification by rubbing private parts against another person.
 • Necrophilia is the sexual gratification of having intercourse with dead bodies.",A. Exposure of one’s genitals to an unsuspecting stranger,B. Sexual gratification by intercourse with dead bodies,C. Sexual pleasure by wearing clothes of the opposite sex,D. Sexual gratification by rubbing private parts against another person,B
Thanatology,General,Thanatology,Identify the post-mortem change described below.,Suggillation,A. Tattooing,B. Suggilation,C. Putrefaction,D. Decomposition,B
Thoracic Radiology,General,Thoracic Radiology,Which condition does NOT exhibit egg-shell calcification?,Egg-shell calcification is seen in conditions like silicosis and sarcoidosis but is not typical in metastatic lymph nodes.,Silicosis,Sarcoidosis,Post-radiation therapy,Metastatic lymph nodes,D
Thoracic Radiology,General,Thoracic Radiology,Identify the likely diagnosis for a 45-year-old patient who has had chronic cough and hemoptysis. The provided imaging shows an irregular mass in the lung.,"Correct Option: A - Lung cancer. The chronic cough and hemoptysis, along with an irregular lung mass, strongly suggest malignancy. Incorrect Options: B would present with more diffuse changes rather than an irregular mass, C would typically show cavitary lesions, and D would present acutely rather than chronically.",Lung cancer,Sarcoidosis,Tuberculosis,Pulmonary embolism,A
Orthopedics,Upper Limb,Upper Limb,Which muscle is involved when a patient exhibits extension of the MCP joint and flexion of the IP joints?,"The extension of the MCP joint and flexion of the IP joints is caused by the interossei and lumbrical muscles. These muscles play roles in finger abduction, adduction, and extension.",Extensor digitorum,Interossei and lumbricals,Abductor pollicis longus,Abductor pollicis brevis,B
Orthopedics,Upper Limb,Upper Limb,Which nerve is affected in a patient who exhibits muscle wasting in the hypothenar region and experiences a loss of sensation in the medial one and a half digits?,Hypothenar muscle wasting and loss of sensation of the medial one and a half digits indicate the involvement of the ulnar nerve.,Musculocutaneous,Radial,Ulnar,Median,C
Urology,Urology,Urology,"What is the most suitable course of action for the condition of a 44-year-old woman who arrives at the hospital with a palpable mass on her flank? The mass measures 4cm according to CT imaging, and urine examination reveals the presence of malignant cells.","→ The Given clinical scenario, is highly suggestive of Renal cell carcinoma (RCC) → In renal cell carcinoma in which the tumor is less than 4 cm in size the preferred treatment is the Partial nephrectomy (Nephron sparing surgery). Incorrect Choices: Option b. Neoadjuvant chemotherapy is a cancer therapy in which chemotherapy drugs are conducted on the tumor before its surgical extraction. The doctor may recommend neoadjuvant chemotherapy to shrink the breast cancer tumor to provide more surgical options for care. Option c. Radical nephrectomy is such type of surgery in which the entire kidney, along with the sectio n of the ureter (bladder) tube, glands present on the kidney, i.e., adrenal gland, and fatty acids that surr ound the kidney, are removed. Hence, this is the incorrect answer. Option d. The radiotherapy (RT) applied on post-surgical resection decreases the risk of local reappear ance.",Partial nephrectomy,Partial nephrectomy + neoadjuvant chemotherapy,Radical nephrectomy,Radical nephrectomy + postoperative radiotherapy,A
Urology,Urology,Urology,"A 50-year-old malecomes to the clinic with swelling in the scrotum. Upon examination, the testis can be felt as distinct from the swelling in the scrotum, and the swelling exhibits transillumination. What is the most likely diagnosis for this patient? (or) A 50-year-old male presents with scrotal swelling that he has noticed recently. On examination, the testis can be palpated as a separate structure from the scrotal swelling. The swelling is also noted to show transillumination when examined with a light source. The patient reports no pain or discomfort associated with the swelling. What is the most likely diagnosis for this patient?","Correct Option A. Spermatocele → Is a unilocular retention cyst derived from some portion of the sperm-conducting mechanism of the epididymis. Clinical features → It lies in the head of the epididymis above and behind the upper pole of the testis, so one can feel the testis separate from the scrotal swelling. It is usually softer and laxer than other cystic lesions in the scrotum but like them it transilluminates. → The fluid contains spermatozoa and resembles barley water in appearance. → Spermatoceles are usually small and unobtrusive. Less frequently they are large enough to make the patient think that he has three testicles. Treatment: Small spermatoceles can be ignored. Larger ones should be aspirated or excised through a scrotal incision.",Spermatocele,Epididymal cyst 1182,Secondary hydrocele,Primary hydrocele,A
Vaccines,General,Vaccines,Which of the options listed below indicates the degree of heat resistance exhibited by vaccines?,"The marker of heat stability of vaccines is indicated by the Vaccine Vial Monitor (VVM), which is a visual indicator on vaccine vials that changes color based on temperature exposure, providing an assessment of heat stability and potential loss of vaccine efficacy.",A. VMV,B. VVM,C. MVV,D. VMM,B
Microbiology,Virology,Virology,"Which of the following tests can be employed to validate the diagnosis of HSV encephalitis in a patient who exhibits symptoms such as high fever, altered sensorium, headache, neck rigidity, and seizures?","PCR (Polymerase Chain Reaction) is a highly sensitive and specific molecular diagnostic technique
 used to detect the presence of viral DNA or RNA.
 • In the case of HSV encephalitis, CSF PCR for viral DNA is the gold standard test for confirming the
 diagnosis. It can identify the presence of HSV genetic material in the CSF, providing strong evidence of
 HSV as the causative agent.
 • PCR is extremely specific (98-100%) and sensitive (94-98%). Within 24 hours of the onset of
 symptoms, the results turn positive, and they continue to do so for at least 5-7 days following the
 initiation of antiviral therapy",A. IgM in CSF,B. Tzanck smear of CSF,C. CSF PCR for viral DNA,D. CSF culture on chick embryo lines,C
Microbiology,Virology,Virology,Which of the following viruses exhibits genetic re-assortment similar to that of influenza virus?,"• Virus which have segmented genome will show genetic reassortment in which co-infection of a host
 cell with multiple viruses results in the shuffling of gene segments to generate progeny viruses with
 novel genome combinations. Hence Option A shows virus is having segmented genome.
 • Reassortment is exclusively seen in viruses with a segmented genome. It is defined as the exchange
 of intact genes within the entire segment, which occurs during coinfection. Reassortment has been
 observed in Bunyaviridae, Reoviruses, arenavirus, and Orthomyxoviruses.",A. 1,B. 2,C. 3,D. 4,A
Vitamins,General,Vitamins,An elderly patient who follows a vegetarian diet and exhibits symptoms of easy tiredness and paleness was examined.,"The probable cause of anemia in this elderly patient with easy fatigability, pallor, macrocytic anemia, and specific laboratory findings is Vitamin B12 deficiency. Vitamin B12 deficiency can lead to macrocytic anemia, characterized by enlarged red blood cells (high MCV) and a decrease in the number of red blood cells. Elevated serum homocysteine is common in vitamin B12 deficiency.",Vitamin B6 deficiency,Alcohol-induced macrocytosis,Vitamin B12 deficiency,Thiamine deficiency,C
Vitamins,General,Vitamins,What is the deficiency in a patient who exhibits the following features: -,"Tryptophan deficiency can lead to pellagra, a condition characterized by a deficiency of niacin (vitamin B3). Pellagra can present with various symptoms, including dermatitis, diarrhea, dementia, and the characteristic Casal's necklace, which refers to a dark pigmentation around the neck.",Phenylalanine,Tryptophan,Glutamine,Arginine,B
Vitamins,General,Vitamins,"In a patient, if they exhibit symptoms of diarrhea, dermatitis, and dementia, which vitamin deficiency would you consider as a potential cause?","The patient's symptoms of diarrhea, dermatitis, and dementia are characteristic of a condition known as pellagra, which is primarily caused by a deficiency in Vitamin B3, also known as niacin.",Vitamin B3 deficiency,Vitamin B1 deficiency,Vitamin B6 deficiency,Vitamin B12 deficiency,A